PRAGMA foreign_keys=OFF;
BEGIN TRANSACTION;
CREATE TABLE IF NOT EXISTS "auth_group_permissions" ("id" SERIAL PRIMARY KEY, "group_id" integer NOT NULL REFERENCES "auth_group" ("id") DEFERRABLE INITIALLY DEFERRED, "permission_id" integer NOT NULL REFERENCES "auth_permission" ("id") DEFERRABLE INITIALLY DEFERRED);
INSERT INTO auth_group_permissions VALUES(1,1,1);
INSERT INTO auth_group_permissions VALUES(2,1,2);
INSERT INTO auth_group_permissions VALUES(3,1,3);
INSERT INTO auth_group_permissions VALUES(4,1,4);
INSERT INTO auth_group_permissions VALUES(5,1,12);
INSERT INTO auth_group_permissions VALUES(6,1,16);
INSERT INTO auth_group_permissions VALUES(7,1,17);
INSERT INTO auth_group_permissions VALUES(8,1,18);
INSERT INTO auth_group_permissions VALUES(9,1,19);
INSERT INTO auth_group_permissions VALUES(10,1,20);
INSERT INTO auth_group_permissions VALUES(11,1,21);
INSERT INTO auth_group_permissions VALUES(12,1,22);
INSERT INTO auth_group_permissions VALUES(13,1,23);
INSERT INTO auth_group_permissions VALUES(14,1,24);
INSERT INTO auth_group_permissions VALUES(15,1,25);
INSERT INTO auth_group_permissions VALUES(16,1,26);
INSERT INTO auth_group_permissions VALUES(17,1,27);
INSERT INTO auth_group_permissions VALUES(18,1,28);
CREATE TABLE IF NOT EXISTS "auth_user_groups" ("id" SERIAL PRIMARY KEY, "user_id" integer NOT NULL REFERENCES "auth_user" ("id") DEFERRABLE INITIALLY DEFERRED, "group_id" integer NOT NULL REFERENCES "auth_group" ("id") DEFERRABLE INITIALLY DEFERRED);
INSERT INTO auth_user_groups VALUES(1,3,1);
INSERT INTO auth_user_groups VALUES(3,2,1);
INSERT INTO auth_user_groups VALUES(4,9,1);
INSERT INTO auth_user_groups VALUES(5,4,1);
INSERT INTO auth_user_groups VALUES(6,7,1);
INSERT INTO auth_user_groups VALUES(7,6,1);
INSERT INTO auth_user_groups VALUES(8,5,1);
INSERT INTO auth_user_groups VALUES(9,10,1);
INSERT INTO auth_user_groups VALUES(10,12,1);
INSERT INTO auth_user_groups VALUES(11,11,1);
INSERT INTO auth_user_groups VALUES(12,13,1);
CREATE TABLE IF NOT EXISTS "auth_group" ("id" SERIAL PRIMARY KEY, "name" varchar(150) NOT NULL UNIQUE);
INSERT INTO auth_group VALUES(1,'Admin');
CREATE TABLE IF NOT EXISTS "auth_user" ("id" SERIAL PRIMARY KEY, "password" varchar(128) NOT NULL, "last_login" TIMESTAMP NULL, "is_superuser" bool NOT NULL, "username" varchar(150) NOT NULL UNIQUE, "last_name" varchar(150) NOT NULL, "email" varchar(254) NOT NULL, "is_staff" bool NOT NULL, "is_active" bool NOT NULL, "date_joined" TIMESTAMP NOT NULL, "first_name" varchar(150) NOT NULL);
INSERT INTO auth_user (id, password, last_login, is_superuser, username, last_name, email, is_staff, is_active, date_joined, first_name) VALUES(1,'pbkdf2_sha256$870000$LOZ5vQ5E6nfE4XyPRbRCzg$lxuCQ5WMxO+5cuG08bAtahzKCfGHfb67j7cdEZvxb7I=','2024-12-06 04:12:21.659734',true,'sterfry','','',true,true,'2024-12-01 05:33:53','');
INSERT INTO auth_user (id, password, last_login, is_superuser, username, last_name, email, is_staff, is_active, date_joined, first_name) VALUES(2,'pbkdf2_sha256$870000$8sjYPiLOspnSLOmEy6YHbF$5pPzay136vUotv3Sa24WzQYDKxkGh283B5FYsOcX6Rg=','2024-12-02 00:52:04',false,'sunshine','','',true,true,'2024-12-01 19:48:54','');
INSERT INTO auth_user (id, password, last_login, is_superuser, username, last_name, email, is_staff, is_active, date_joined, first_name) VALUES(3,'pbkdf2_sha256$870000$9K4b7i5Z3vWnvYCKZCNU3F$xhmipJRHUyL8WnqzJZ/7PQbwTfT3QYGRE4sw3pDbyFk=','2024-12-01 21:41:02',false,'tylerg','','',true,true,'2024-12-01 19:54:23','');
INSERT INTO auth_user (id, password, last_login, is_superuser, username, last_name, email, is_staff, is_active, date_joined, first_name) VALUES(4,'pbkdf2_sha256$870000$9GLti3TIMJq78gZBhLgtQp$P43jsJfhuI7uLLYvcC6FSCtQWEYWC+QvsW9fEsSIvso=','2024-12-01 20:16:37',false,'jlanier','','',true,true,'2024-12-01 20:14:18','');
INSERT INTO auth_user (id, password, last_login, is_superuser, username, last_name, email, is_staff, is_active, date_joined, first_name) VALUES(5,'pbkdf2_sha256$870000$NAm8h7C4glNVWfEyV5aE38$Uittpy7cBHDIlwzyf0E7yysb+tHd3dZbp7dnfZv7ZSo=','2024-12-01 22:21:52',false,'Will','','',true,true,'2024-12-01 21:23:57','');
INSERT INTO auth_user (id, password, last_login, is_superuser, username, last_name, email, is_staff, is_active, date_joined, first_name) VALUES(6,'pbkdf2_sha256$870000$6ft8PlOMoISqNcH4emyABN$aycEouKXKVUxwtemBC+f9KqR8zjpTd7DvDryYvr4VNk=','2024-12-03 03:37:56.441193',false,'amassingill','','',true,true,'2024-12-01 21:37:42','');
INSERT INTO auth_user (id, password, last_login, is_superuser, username, last_name, email, is_staff, is_active, date_joined, first_name) VALUES(7,'pbkdf2_sha256$870000$R6MZNxCxmS0DpKdNs90TjH$nKqrXP8/Jrao4uifzzlpLQfpt4x6t7s51smAj86HOvE=','2024-12-03 02:40:06.153964',false,'gfeldman','','',true,true,'2024-12-01 21:41:13','');
INSERT INTO auth_user (id, password, last_login, is_superuser, username, last_name, email, is_staff, is_active, date_joined, first_name) VALUES(9,'pbkdf2_sha256$870000$SzGCiItR5Bmte0h3fstcHh$nb5ck+SK2KyjBRDqLRZCQtBiwzPL9cyQB0Wc/HAtzfo=',NULL,false,'marcusc','','',true,true,'2024-12-02 07:54:14','');
INSERT INTO auth_user (id, password, last_login, is_superuser, username, last_name, email, is_staff, is_active, date_joined, first_name) VALUES(10,'pbkdf2_sha256$870000$ptsKv9EZkhCdB10or38GSe$D46OWFt0iljHvU6VpSK/Jx7rYSJfojCnghVrV1UiSVE=','2024-12-02 21:57:32.835163',false,'Jmartin','','',true,true,'2024-12-02 21:39:06','');
INSERT INTO auth_user (id, password, last_login, is_superuser, username, last_name, email, is_staff, is_active, date_joined, first_name) VALUES(11,'pbkdf2_sha256$870000$tHB9oMC3a2S33U6EWhtQ5m$TIHaFT9C/Kn1cA/fZCE/yQlhhYXeyhpao6Xup74eqCA=',NULL,false,'nsokol','','',true,true,'2024-12-02 23:19:37','');
INSERT INTO auth_user (id, password, last_login, is_superuser, username, last_name, email, is_staff, is_active, date_joined, first_name) VALUES(12,'pbkdf2_sha256$870000$oZyaV7Mqolgy7IwzLh5A22$hyXZg6JS/N5cnLqeejZlXlHa/90soAWUPG6ESrsvngM=','2024-12-03 02:39:30',false,'angiej','','',true,true,'2024-12-03 02:36:59','');
INSERT INTO auth_user (id, password, last_login, is_superuser, username, last_name, email, is_staff, is_active, date_joined, first_name) VALUES(13,'pbkdf2_sha256$870000$FKqPUv29pwTSJmAZCMF0ah$pLxvZTWwYUoLPKqa8HffbSbq5Lc9LM652q0yElc43cw=','2024-12-03 04:00:02.072337',false,'cfun','','',true,true,'2024-12-03 03:59:11','');
CREATE TABLE IF NOT EXISTS "django_session" ("session_key" varchar(40) NOT NULL PRIMARY KEY, "session_data" text NOT NULL, "expire_date" TIMESTAMP NOT NULL);
INSERT INTO django_session VALUES('x39xuam9oixpx08uytm2qn94o07co5cq','.eJxVjDsOwjAQBe_iGlny36ak5wzWrneDA8iR4qSKuDuJlALamXlvExnWpea185xHElehxOWXIZQXt0PQE9pjkmVqyzyiPBJ52i7vE_H7drZ_BxV63dcMiUhHrTCAdk65mKKF4NmiQ0p-QKtYmzTsxFIoFIiNLRGK1yUaEJ8v54s4RQ:1tHcbC:n2pEJ-9QWVPQq1RqxqTE66yaaIDEdkbXcuk6vB7E0tU','2024-12-15 05:34:26.160756');
INSERT INTO django_session VALUES('6pkx3pncdkv5mzcwmgl17z75osai3lj9','.eJxVjMsOwiAURP-FtSGAPF269xvIhXuRqoGktCvjv9smXehuMufMvFmEdalxHTTHCdmFaXb67RLkJ7Ud4APavfPc2zJPie8KP-jgt470uh7u30GFUbe1BxUcgi-uZMAzBRmso-Tdlq0wKkASwVjQ0kiJmLWRSqSACZWnQsg-X_OcOHE:1tHqMv:d6I8AegFPkFRuln5esWmKCYjQ59dO4avNg-IeZvf6t8','2024-12-15 20:16:37.329092');
INSERT INTO django_session VALUES('8nqtuhw3rwp6bld4bsvpd9xjeyaiurpf','.eJxVjMsOwiAQRf-FtSEwUyi4dO83kOExUjU0Ke3K-O_apAvd3nPOfYlA21rD1ssSpizOAsXpd4uUHqXtIN-p3WaZ5rYuU5S7Ig_a5XXO5Xk53L-DSr1-a20VDcbqpFzMoAx48l6DyWpUwJGZsSSnkxk8oCdVcGRCMtppBmQr3h_CDTc0:1tHrgb:-3Y7YB3uaMcGb-iL2QB0ON-Jb75qwgWuMS3ulkmjx5U','2024-12-15 21:41:01.052003');
INSERT INTO django_session VALUES('cfvy2sax9y3arv0z3nxncny58h1q5cxv','.eJxVjMsOwiAQRf-FtSEwUyi4dO83kOExUjU0Ke3K-O_apAvd3nPOfYlA21rD1ssSpizOAsXpd4uUHqXtIN-p3WaZ5rYuU5S7Ig_a5XXO5Xk53L-DSr1-a20VDcbqpFzMoAx48l6DyWpUwJGZsSSnkxk8oCdVcGRCMtppBmQr3h_CDTc0:1tHrgc:V8VZrYJNSEgCoqRaT26hUGXRVQZk3iLaPhhWgSj1m7w','2024-12-15 21:41:02.060300');
INSERT INTO django_session VALUES('bhpp2nj9wr1spcz1fjcwb9p8smn6mfzu','.eJxVjEEOwiAQRe_C2hApMIBL9z0DmWFAqoYmpV0Z765NutDtf-_9l4i4rTVuPS9xYnERVpx-N8L0yG0HfMd2m2Wa27pMJHdFHrTLceb8vB7u30HFXr81Ejkq6QyAQygmMBjNJZAqhF5D0egsK2MVIpD2hOAyD8AhoDdkjHh_AA10OJw:1tHrzm:qXEvJTAMj2rEyQ0ZMvW3SH_Rn_QdOqwUODqd92Mpp8Q','2024-12-15 22:00:50.058987');
INSERT INTO django_session VALUES('tx7x906uny0jfmstcg1a7smhk7w2nigy','.eJxVjEEOwiAQRe_C2hApMIBL9z0DmWFAqoYmpV0Z765NutDtf-_9l4i4rTVuPS9xYnERVpx-N8L0yG0HfMd2m2Wa27pMJHdFHrTLceb8vB7u30HFXr81Ejkq6QyAQygmMBjNJZAqhF5D0egsK2MVIpD2hOAyD8AhoDdkjHh_AA10OJw:1tHsGt:lxhsUjolj9MpB1VxHFQWCZGwCvB0X_cbTIVZvv6jO8I','2024-12-15 22:18:31.880100');
INSERT INTO django_session VALUES('694lhqpbxskx6ss7ln4wh78p40bmxxbb','.eJxVjMsOwiAQRf-FtSECMzxcuu83kAGmUjU0Ke3K-O_apAvd3nPOfYlI21rj1nmJUxEXocXpd0uUH9x2UO7UbrPMc1uXKcldkQftcpgLP6-H-3dQqddv7UbkcEaw6ILzprBN3lgNbuSE1rBD1oRaQfZIXpUQMilUGgFsNg7E-wO91jak:1tHufU:gT4jVT3hT_0jIreivzzfGMYY8NE2x1ED4wh2l5Ct_NI','2024-12-16 00:52:04.216751');
INSERT INTO django_session VALUES('j1x21zuj9h7u71uukwgo58kzqxvipnk8','.eJxVjDsOwjAQBe_iGlny36ak5wzWrneDA8iR4qSKuDuJlALamXlvExnWpea185xHElehxOWXIZQXt0PQE9pjkmVqyzyiPBJ52i7vE_H7drZ_BxV63dcMiUhHrTCAdk65mKKF4NmiQ0p-QKtYmzTsxFIoFIiNLRGK1yUaEJ8v54s4RQ:1tIDyd:TDsrtt_vn58SXOKtC5G5dOFHSfYJcm3giz4-9rvCbdA','2024-12-16 21:29:07.335002');
INSERT INTO django_session VALUES('8frkuq6sqrwk2j9j52bla4y8slk0524s','.eJxVjEsOwiAUAO_C2hDos1pcuu8ZCO8nVUOT0q6Md1eSLnQ7M5mXiWlbc9yqLHFiczHemcMvxEQPKc3wPZXbbGku6zKhbYndbbXjzPK87u3fIKea25dASQcVYKZBQJCkIwLnnXr04SvBs6hCx3I6K1Agctj34YieQzDvD1l5OeI:1tIEQ8:vaWBEgNWw3H7Oel5Ey43gEqq94OCTBLpVtIIg6v48WI','2024-12-16 21:57:32.838830');
INSERT INTO django_session VALUES('jkmfuo4ee9xkfzl5t2dtix8kecqdw4k6','.eJxVjEEOwiAQRe_C2hCZAjO4dO8ZmoFBqRpISrsy3l2bdKHb_977LzXyupRx7XkeJ1EnZUAdfsfI6ZHrRuTO9dZ0anWZp6g3Re-060uT_Dzv7t9B4V6-dRC0IVt2WawNCRINjiV5B0d0DCgsFDwaiSkgEKHPgnAlCoZp8KjeHwWEN6c:1tIIp0:JoulfeNk7EDaD1zXrItLdE12QoTtGhIZLCJYsVocu78','2024-12-17 02:39:30.871921');
INSERT INTO django_session VALUES('tshvxe676mlcwct4vjcmpy8x55mlfx8t','.eJxVjEEOwiAQRe_C2hCgTEGX7nsGAjODVA0kpV0Z765NutDtf-_9lwhxW0vYOi9hJnERTpx-txTxwXUHdI_11iS2ui5zkrsiD9rl1Iif18P9Oyixl2_tB_QOMqikAYk8aAQ2NhOBYYvWaJWiRlR-pNFYxXlAR8kgATqOZ_H-AO3vOIk:1tIIpZ:SmMnwvpPUwqQXrItW5qQ4ecdibuL02zZU7ACn79VwkA','2024-12-17 02:40:05.393989');
INSERT INTO django_session VALUES('zty6v3twr26mv2k3ky0p3o9oky1mlxr5','.eJxVjEEOwiAQRe_C2hCgTEGX7nsGAjODVA0kpV0Z765NutDtf-_9lwhxW0vYOi9hJnERTpx-txTxwXUHdI_11iS2ui5zkrsiD9rl1Iif18P9Oyixl2_tB_QOMqikAYk8aAQ2NhOBYYvWaJWiRlR-pNFYxXlAR8kgATqOZ_H-AO3vOIk:1tIIpa:7mskeCRnEAs3u7RSdk8J9qVRJQ2cxhqDebvJMpCKvj0','2024-12-17 02:40:06.157978');
INSERT INTO django_session VALUES('xoq7t4j0nzw3qw8nk8a912m5c5ssj0z2','.eJxVjDsOwjAQBe_iGlny36ak5wzWrneDA8iR4qSKuDuJlALamXlvExnWpea185xHElehxOWXIZQXt0PQE9pjkmVqyzyiPBJ52i7vE_H7drZ_BxV63dcMiUhHrTCAdk65mKKF4NmiQ0p-QKtYmzTsxFIoFIiNLRGK1yUaEJ8v54s4RQ:1tIK6J:4OPgHjFnbF_bXYE0D-sJxvRyqNhNvlK3GfScey293kU','2024-12-17 04:01:27.690647');
INSERT INTO django_session VALUES('ngt1je5lnbn2ijydfar4y8b1cu858621','.eJxVjDsOwjAQBe_iGlnxb-2lpOcM1vqHA8iR4qRC3B0spQDpVW9G82Ke9q36vefVz4mdmWCn3y9QfOQ2QLpTuy08Lm1b58CHwg_a-XVJ-Xk53L9ApV5HViIU41ChoZJdcBHspFLGguI7oSSRBgACQBunICKgFkZoaUkFRPb-AMXfNtI:1tJPhV:TT2vI-B3V73hGFNziabvMAb4vxhuwRGZKJYPXKgCPbU','2024-12-20 04:12:21.665598');
CREATE TABLE IF NOT EXISTS "events_event" ("id" SERIAL PRIMARY KEY, "title" varchar(200) NOT NULL, "description" text NULL, "date" TIMESTAMP NOT NULL, "location" varchar(200) NOT NULL, "source" varchar(200) NULL, "artist_name" varchar(200) NULL, "weekly" bool NOT NULL, "tags" varchar(20) NOT NULL);
INSERT INTO events_event VALUES(2,'Big Damn Music Jam','FREE ADMISSION','2024-12-09 01:00:00','3rd & Lindsley','https://www.facebook.com/share/18FeJF2Ksf/',NULL,false,'open_mic');
INSERT INTO events_event VALUES(3,'TO THE FUTURE NYE Night 1',replace(replace('The time has come to take Nashville to the Future. Join us Dec 30+31 for the most epic warehouse party Nashville has ever seen!\r\nNIGHT 1:\r\nGanja White Night\r\nApashe\r\nMary Droppinz | Meduso | Smoakland | YDG | Prophet\r\nTickets on sale now >>https://tixr.com/e/113872','\r',E'\r'),'\n',E'\n'),'2024-12-31 02:00:00','Nashville Fairgrounds Speedway','https://www.facebook.com/share/17xn3Yo1mD/','Ganja White Night',false,'none');
INSERT INTO events_event VALUES(4,'SKYDECK',replace(replace('We are closing out our Skydeck shows for the year with Chromeo! Come get funky with us on Dec 7th!\r\nTickets on sale now: https://tixr.com/e/118729','\r',E'\r'),'\n',E'\n'),'2024-12-07 20:00:00','Skydeck','https://www.facebook.com/share/1Eom88vEeR/','CHROMEO',false,'none');
INSERT INTO events_event VALUES(5,'TO THE FUTURE Night 2',replace(replace('NIGHT 2:\r\nWooli\r\nTrivecta\r\nChee | Ivy Lab (Dnb Set) | Sara Benyo | Zen Selekta | Khaos\r\nSpecial guest: ATLiens\r\n>>https://tixr.com/e/113872','\r',E'\r'),'\n',E'\n'),'2025-01-01 02:00:00','Nashville Fairgrounds Speedway','https://www.facebook.com/share/17xn3Yo1mD/','Wooli, Chee, Ivy Lab',false,'none');
INSERT INTO events_event VALUES(6,'NYE2025','Tickets on sale now: https://nyenash.com/','2024-12-31 23:30:00','The Lion''s Den','https://www.facebook.com/share/1GfYejDJTA/','KirbyBright, SKEYEview & Friends',false,'none');
INSERT INTO events_event VALUES(7,'Elm Hill Tavern Blues Jam','Shantelle & The Juke Joint Band will be hosting The Elm Hill Tavern Blues Jam, Sunday, December 01, 2024, 3-7pm, 1941 Elm Hill Pike, Nashville, Tennessee.','2024-12-01 21:00:00','The Elm Hill Tavern','https://www.facebook.com/ElmHillTavern','Shantelle & The Juke Joint Band',true,'open_mic');
INSERT INTO events_event VALUES(8,'Open Mic Mondays','"Open Mic Mondays" at Tennessee Brew Works is a weekly event that celebrates the talent of the singer/songwriter community here in Nashville. Every Monday, from 6-8pm, music enthusiasts gather at Tennessee Brew Works, located at 809 Ewing Avenue, to enjoy an evening filled with soulful melodies and original musical creations.','2024-12-03 00:00:00','Tennessee Brew Works','https://www.facebook.com/events/1700137220746131/1700137274079459/',NULL,true,'open_mic');
INSERT INTO events_event VALUES(9,'Open Mic Mondays','"Open Mic Mondays" at Tennessee Brew Works is a weekly event that celebrates the talent of the singer/songwriter community here in Nashville. Every Monday, from 6-8pm, music enthusiasts gather at Tennessee Brew Works, located at 809 Ewing Avenue, to enjoy an evening filled with soulful melodies and original musical creations.','2024-12-10 00:00:00','Tennessee Brew Works','https://www.facebook.com/events/1700137220746131/1700137274079459/',NULL,false,'open_mic');
INSERT INTO events_event VALUES(10,'Open Mic Mondays','"Open Mic Mondays" at Tennessee Brew Works is a weekly event that celebrates the talent of the singer/songwriter community here in Nashville. Every Monday, from 6-8pm, music enthusiasts gather at Tennessee Brew Works, located at 809 Ewing Avenue, to enjoy an evening filled with soulful melodies and original musical creations.','2024-12-17 00:00:00','Tennessee Brew Works','https://www.facebook.com/events/1700137220746131/1700137274079459/',NULL,false,'open_mic');
INSERT INTO events_event VALUES(11,'Open Mic Mondays','"Open Mic Mondays" at Tennessee Brew Works is a weekly event that celebrates the talent of the singer/songwriter community here in Nashville. Every Monday, from 6-8pm, music enthusiasts gather at Tennessee Brew Works, located at 809 Ewing Avenue, to enjoy an evening filled with soulful melodies and original musical creations.','2024-12-24 00:00:00','Tennessee Brew Works','https://www.facebook.com/events/1700137220746131/1700137274079459/',NULL,false,'open_mic');
INSERT INTO events_event VALUES(12,'Murfreesboro Open Mic','Join us for an exciting evening of music at our Open Mic night! Whether you''re a seasoned performer or just starting out, this is your chance to showcase your talent in a welcoming and family-friendly environment.','2024-12-06 00:00:00','Seasons of Murfreesboro Restaurant & Lounge','https://www.facebook.com/events/1060963732428111/1060963755761442/',NULL,true,'open_mic');
INSERT INTO events_event VALUES(13,'Murfreesboro Open Mic','Join us for an exciting evening of music at our Open Mic night! Whether you''re a seasoned performer or just starting out, this is your chance to showcase your talent in a welcoming and family-friendly environment.','2024-12-13 00:00:00','Seasons of Murfreesboro Restaurant & Lounge','https://www.facebook.com/events/1060963732428111/1060963755761442/',NULL,false,'open_mic');
INSERT INTO events_event VALUES(16,'Open Mic Thursdays','Seasons is proud and pleased to offer an open mic for musicians of all levels every Thursday. Original tunes and covers are encouraged on the big stage at Seasons with a pro sound rig delivering your music. Bring friends and grab some grub from our excellent kitchen!','2024-12-19 23:30:00','Seasons of Murfreesboro Restaurant & Lounge','https://www.facebook.com/events/588553720510959/588553730510958/?active_tab=about',NULL,true,'open_mic');
INSERT INTO events_event VALUES(17,'Open Mic Thursdays','Seasons is proud and pleased to offer an open mic for musicians of all levels every Thursday. Original tunes and covers are encouraged on the big stage at Seasons with a pro sound rig delivering your music. Bring friends and grab some grub from our excellent kitchen!','2024-12-26 23:30:00','Seasons of Murfreesboro Restaurant & Lounge','https://www.facebook.com/events/588553720510959/588553730510958/?active_tab=about',NULL,false,'open_mic');
INSERT INTO events_event VALUES(18,'Open Mic Thursdays','Seasons is proud and pleased to offer an open mic for musicians of all levels every Thursday. Original tunes and covers are encouraged on the big stage at Seasons with a pro sound rig delivering your music. Bring friends and grab some grub from our excellent kitchen!','2025-01-02 23:30:00','Seasons of Murfreesboro Restaurant & Lounge','https://www.facebook.com/events/588553720510959/588553730510958/?active_tab=about',NULL,false,'open_mic');
INSERT INTO events_event VALUES(19,'Open Mic Thursdays','Seasons is proud and pleased to offer an open mic for musicians of all levels every Thursday. Original tunes and covers are encouraged on the big stage at Seasons with a pro sound rig delivering your music. Bring friends and grab some grub from our excellent kitchen!','2025-01-09 23:30:00','Seasons of Murfreesboro Restaurant & Lounge','https://www.facebook.com/events/588553720510959/588553730510958/?active_tab=about',NULL,false,'open_mic');
INSERT INTO events_event VALUES(20,'Faeker''s Theatre','Join us for a night of soulful rock n'' roll! (BYOB)','2024-12-06 01:00:00','Faeker''s Theatre','https://www.facebook.com/events/1318732449128933','Bend The Rails & Stargurl',false,'none');
INSERT INTO events_event VALUES(21,'Nashville Cars N Coffee','Bring out the whole family to this FREE to attend Shine n'' Show event at Nashville Super Speedway. On site will be Middle Tennessee''s Premier Automotive Businesses and a bunch of Breakfast Food and Drink Vendors. That plus all of you make for a great event! GATES OPEN AT 6AM!','2024-12-07 14:00:00','Nashville Superspeedway','https://www.facebook.com/share/1BhRmojVo8/',NULL,false,'none');
INSERT INTO events_event VALUES(22,'Shrek Rave',replace(replace('Shrek Rave - Shrek the Halls\r\nFriday, December 6\r\nRestaurant, bar, and bowling open at 5PM.\r\nEntry into main room: 7PM | Show: 9PM | 18+','\r',E'\r'),'\n',E'\n'),'2024-12-07 03:00:00','Brooklyn Bowl Nashville','https://www.facebook.com/share/19hRRTvJnM/',NULL,false,'none');
INSERT INTO events_event VALUES(23,'Studio615','Featuring Hype Realm as direct support!','2024-12-08 02:00:00','Studio615',NULL,'Sterfry & Sushi Mane',false,'none');
INSERT INTO events_event VALUES(24,'Basement East','The Los Angeles League of Musicians, LA LOM, are an instrumental trio formed in Los Angeles in 2021. They blend the sounds of Cumbia Sonidera, 60ΓÇÖs soul ballads and classic romantic boleros that emanate from radios, backyard parties and dance clubs of Los Angeles with the twang of Peruvian Chicha and Bakersfield Country. 18+ Doors at 7:00 show at 8:00.','2024-12-02 02:00:00','Basement East','https://www.thebasementnashville.com/basement-east-events/','LA LOM W/The National Reserve',false,'none');
INSERT INTO events_event VALUES(25,'Karaoke At The Palace','ItΓÇÖs time to channel your inner country star! Join us every **Friday and Saturday night** from **10 PM to 2 AM** in the front room for the best karaoke experience in town. Whether you''re belting out country classics or pop anthems, this is your chance to take the stage in Music City!','2024-12-07 04:00:00','The Nashville Palace','https://www.facebook.com/share/1Wuei3WwS8/',NULL,false,'open_mic');
INSERT INTO events_event VALUES(26,'Live From The Boardroom','Featuring Marco Brando, Dialup Ghost, Collective EX, Stunt Girl, Caylan Hays, Stargurl, Oscar Lindsey Band, & Wily','2024-12-08 00:00:00','The Villager Tavern','https://www.instagram.com/p/DCxrjgpuevz/?igsh=Zmd6dmc3MDY5ZjF5','Marco Brando, Dialup Ghost, Collective EX, Stunt Girl, Caylan Hays, Stargurl, Oscar Lindsey Band, & Wily',false,'none');
INSERT INTO events_event VALUES(27,'The Twisted Tea Garden','$10 entry - DM on instagram for location info','2024-12-14 01:00:00','Twisted Tea Garden','https://www.instagram.com/thetwistedteagarden?igsh=MTU0ZjFncXdwNW1veQ==','The Keystones, Grasskingdoms, Alley Eyes, Quarter Black, and Whenitsmytime',false,'none');
INSERT INTO events_event VALUES(28,'Area 10','Presented by Full Circle & Deep Culture','2024-12-07 03:30:00','The Office','https://www.tixr.com/groups/fullcirclepresents/events/mk-114155','MK, Jack Vice, & Billy Cave',false,'none');
INSERT INTO events_event VALUES(29,'The Night We Met','Featuring support from Alexion & Squuid','2024-12-07 02:00:00','The Night We Met','https://dice.fm/event/wwv97v-silver-panda-6th-dec-night-we-met-nashville-tickets?pid=d6342b83','Silver Panda',false,'none');
INSERT INTO events_event VALUES(30,'The Night We Met',replace(replace('Vera Lounge open at 8pm\r\n\r\nClub Room open at 10pm','\r',E'\r'),'\n',E'\n'),'2024-12-08 02:00:00','The Night We Met','https://dice.fm/event/8emnq7-loofy-7th-dec-night-we-met-nashville-tickets?pid=d6342b83','Loofy, Gabe Katz, Pardue, Aaron Rogue',false,'none');
INSERT INTO events_event VALUES(31,'The Night We Met',replace(replace('Vera Lounge open at 8pm\r\n\r\nClub Room open at 10pm','\r',E'\r'),'\n',E'\n'),'2024-12-14 02:00:00','The Night We Met','https://dice.fm/event/g57896-anna-lunoe-13th-dec-night-we-met-nashville-tickets?pid=d6342b83','Anna Lunoe',false,'none');
INSERT INTO events_event VALUES(32,'Jingle Bass','Nashville''s Newest bass music holiday party. Headling artist is DirtySnatcha with support from Chozen, KHAOS, SHAMS, and Waweezy!','2024-12-14 03:00:00','Fogg Street Lawn Club','https://www.eventbrite.com/e/jingle-bass-ft-dirtysnatcha-tickets-1076329684059','Dirtysnatcha',false,'none');
INSERT INTO events_event VALUES(33,'The Night We Met','Toronto-based dance talent Ryan Shepherd at The Office Nashville December, Friday the 13th.','2024-12-14 04:00:00','The Night We Met','https://dice.fm/event/xewge3-ryan-shepherd-13th-dec-the-office-nashville-nashville-tickets?pid=d6342b83','Ryan Shepard, Discordia, Mgr Mike',false,'none');
INSERT INTO events_event VALUES(34,'TO THE FUTURE Official Pre-Party','Featuring support from Shiverz, Fear, and Vexus','2024-12-15 02:00:00','The Cowan','https://www.tixr.com/groups/blnkcnvs/events/hol-brulure-tour-sat-12-14-24-111673','HOL!',false,'none');
INSERT INTO events_event VALUES(35,'Barstool Nashville',replace(replace('DJ PAULY D IS BACK! DECEMBER 27TH | 11PM\r\n\r\nFOR VIP TABLES - TEXT 615.606.2889','\r',E'\r'),'\n',E'\n'),'2024-12-28 05:00:00','Barstool Nashville','https://tickets.lineleap.com/e/iZpTJrWBDs6eZAiEQXKx','DJ Pauly D',false,'none');
INSERT INTO events_event VALUES(36,'Burlesque Tea Party','Afternoon Tea Service and live music by Sunshine Scott & Burlesque from the Mystery Flavours','2024-12-08 20:00:00','Mirror Mirror','https://www.mirrormirrornetwork.com/events?fbclid=PAZXh0bgNhZW0CMTEAAaajtzshIDRMR18h0gFWMWb_wXbiQNWvgUWTXSxGatri3-1tbQh-9SlL-vA_aem_oIJwhKOkXkuy1MhWS-2TWw','Sunshine Scott & Burlesque by Mystery Flavours',false,'none');
INSERT INTO events_event VALUES(37,'Jazz Jam with Joe Folan','Late night jazz jam with guitarist Joe Folan','2024-12-10 05:00:00','The Villager',NULL,NULL,false,'open_mic');
INSERT INTO events_event VALUES(38,'Jazz Jam with Joe Folan','Late night jazz jam with guitarist Joe Folan','2024-12-17 05:00:00','The Villager',NULL,NULL,false,'open_mic');
INSERT INTO events_event VALUES(39,'Jazz Jam with Joe Folan','Late night jazz jam with guitarist Joe Folan','2024-12-24 05:00:00','The Villager',NULL,NULL,false,'open_mic');
INSERT INTO events_event VALUES(40,'Jazz Jam with Joe Folan','Late night jazz jam with guitarist Joe Folan','2024-12-31 05:00:00','The Villager',NULL,NULL,false,'open_mic');
INSERT INTO events_event VALUES(41,'The Invite','8:30PM - A CURATED JAM / THREE SETS OF LIVE MUSIC - INVITE ONLY','2024-12-03 02:30:00','The Flamingo','https://www.flamingococktailclub.com/events',NULL,true,'open_mic');
INSERT INTO events_event VALUES(42,'The Invite','8:30PM - A CURATED JAM / THREE SETS OF LIVE MUSIC - INVITE ONLY','2024-12-10 02:30:00','The Flamingo','https://www.flamingococktailclub.com/events',NULL,false,'open_mic');
INSERT INTO events_event VALUES(43,'The Invite','8:30PM - A CURATED JAM / THREE SETS OF LIVE MUSIC - INVITE ONLY','2024-12-17 02:30:00','The Flamingo','https://www.flamingococktailclub.com/events',NULL,false,'open_mic');
INSERT INTO events_event VALUES(44,'The Invite','8:30PM - A CURATED JAM / THREE SETS OF LIVE MUSIC - INVITE ONLY','2024-12-24 02:30:00','The Flamingo','https://www.flamingococktailclub.com/events',NULL,false,'open_mic');
INSERT INTO events_event VALUES(45,'Open Mic @ Bowry Vault','Every Thursday','2024-12-05 22:30:00','The Bowry Vault','https://www.facebook.com/theboweryvault',NULL,true,'open_mic');
INSERT INTO events_event VALUES(46,'Open Mic @ Bowry Vault','Every Thursday','2024-12-12 22:30:00','The Bowry Vault','https://www.facebook.com/theboweryvault',NULL,false,'open_mic');
INSERT INTO events_event VALUES(47,'Open Mic @ Bowry Vault','Every Thursday','2024-12-19 22:30:00','The Bowry Vault','https://www.facebook.com/theboweryvault',NULL,false,'open_mic');
INSERT INTO events_event VALUES(48,'Open Mic @ Bowry Vault','Every Thursday','2024-12-26 22:30:00','The Bowry Vault','https://www.facebook.com/theboweryvault',NULL,false,'open_mic');
INSERT INTO events_event VALUES(49,'Songwriter Open Mic','Every Monday Evening','2024-12-10 00:00:00','Drifters Tennessee Barbeque','https://www.facebook.com/driftersBBQ',NULL,true,'open_mic');
INSERT INTO events_event VALUES(50,'Songwriter Open Mic','Every Monday Evening','2024-12-17 00:00:00','Drifters Tennessee Barbeque','https://www.facebook.com/driftersBBQ',NULL,false,'open_mic');
INSERT INTO events_event VALUES(51,'Songwriter Open Mic','Every Monday Evening','2024-12-24 00:00:00','Drifters Tennessee Barbeque','https://www.facebook.com/driftersBBQ',NULL,false,'open_mic');
INSERT INTO events_event VALUES(52,'Songwriter Open Mic','Every Monday Evening','2024-12-31 00:00:00','Drifters Tennessee Barbeque','https://www.facebook.com/driftersBBQ',NULL,false,'open_mic');
INSERT INTO events_event VALUES(53,'Open Decks @ The Golden Door','Open Decks at TGD! Sundays 7 PM - 7 AM. Free entry until 1 AM! Show your skills, vibe, and join the party! #WellcomeToTheEndlessParty','2024-12-09 01:00:00','The Golden Door','https://www.eventbrite.com/e/open-decks-tickets-1077939198159?aff=ebdssbdestsearch',NULL,false,'open_mic');
INSERT INTO events_event VALUES(54,'Open Decks @ The Golden Door','Open Decks at TGD! Sundays 7 PM - 7 AM. Free entry until 1 AM! Show your skills, vibe, and join the party! #WellcomeToTheEndlessParty','2024-12-16 01:00:00','The Golden Door','https://www.eventbrite.com/e/open-decks-tickets-1077939198159?aff=ebdssbdestsearch',NULL,false,'open_mic');
INSERT INTO events_event VALUES(55,'Open Decks @ The Golden Door','Open Decks at TGD! Sundays 7 PM - 7 AM. Free entry until 1 AM! Show your skills, vibe, and join the party! #WellcomeToTheEndlessParty','2024-12-23 01:00:00','The Golden Door','https://www.eventbrite.com/e/open-decks-tickets-1077939198159?aff=ebdssbdestsearch',NULL,false,'open_mic');
INSERT INTO events_event VALUES(56,'Open Decks @ The Golden Door','Open Decks at TGD! Sundays 7 PM - 7 AM. Free entry until 1 AM! Show your skills, vibe, and join the party! #WellcomeToTheEndlessParty','2024-12-30 01:00:00','The Golden Door','https://www.eventbrite.com/e/open-decks-tickets-1077939198159?aff=ebdssbdestsearch',NULL,false,'open_mic');
INSERT INTO events_event VALUES(57,'Writer''s Night Hosted by Steve Goodie',replace(replace('Seats are available on a first come/first served basis when doors open.\r\n\r\nTicket reservations at The Bluebird Cafe are an agreement to pay the non-refundable cover charge and applicable taxes/fees and to meet the $12.00 per seat food and/or drink minimum.','\r',E'\r'),'\n',E'\n'),'2024-12-09 02:00:00','Bluebird Cafe','https://do615.com/events/2024/12/8/writers-night-with-special-guest-tba-hosted-by-steve-goodie-tickets',NULL,false,'open_mic');
INSERT INTO events_event VALUES(58,'Writers Night Hosted by Steve Goodie',replace(replace('THIS IS A PREPAID SHOW, REFUNDS ARE NOT AVAILABLE.\r\n\r\nThere are 18 tables, 8 bar seats and 8 pew church seats available for reservation. The remaining pew seats for this show are not reserved in advance. These seats are available on a first come/first served basis when doors open.\r\n\r\nTicket reservations at The Bluebird Cafe are an agreement to pay the non-refundable cover charge and applicable taxes/fees and to meet the $12.00 per seat food and/or drink minimum.','\r',E'\r'),'\n',E'\n'),'2024-12-16 02:00:00','Bluebird Cafe','https://do615.com/events/2024/12/15/writers-night-with-special-guest-steven-dale-jones-hosted-by-steve-goodie-tickets',NULL,false,'open_mic');
INSERT INTO events_event VALUES(60,'Bluegrass Jam',replace(replace('Doors open at 7pm. No Cover.\r\n\r\nThis is not a show. This is a night for musicians and singers from all over the world to gather and enjoy making music together. You never know who might show up!\r\n\r\nAll are welcome! If youΓÇÖre a player, bring an instrument and join the fun. If you just want to listen, thatΓÇÖs fine too! Enjoy the music with a hot pizza and a cold beer!','\r',E'\r'),'\n',E'\n'),'2024-12-09 01:00:00','The Station Inn','https://stationinn.com/event/bluegrass-jam-7-2/2024-12-08/',NULL,false,'open_mic');
INSERT INTO events_event VALUES(61,'Bluegrass Jam',replace(replace('Doors open at 7pm. No Cover.\r\n\r\nThis is not a show. This is a night for musicians and singers from all over the world to gather and enjoy making music together. You never know who might show up!\r\n\r\nAll are welcome! If youΓÇÖre a player, bring an instrument and join the fun. If you just want to listen, thatΓÇÖs fine too! Enjoy the music with a hot pizza and a cold beer!','\r',E'\r'),'\n',E'\n'),'2024-12-16 01:00:00','The Station Inn','https://stationinn.com/event/bluegrass-jam-7-2/2024-12-15/',NULL,false,'open_mic');
INSERT INTO events_event VALUES(62,'The Lion''s Den','Join us for Mythm, Niraya, Strangewav, and Nodus Defect for a night at The Office. The Office will highlight a brand new sound system and production for this one.','2024-12-29 01:30:00','The Lion''s Den','https://theticketing.co/e/mythm','Mythm, Niraya, Nodus Defect, Strangewav',false,'none');
INSERT INTO events_event VALUES(63,'Spotlite Sessions at Living Waters Brewery','House band led by Leland Nelson presents an opening set of music from the Miles Davis record ΓÇ£MilestonesΓÇ¥. Open jam session to follow until 9pm.','2024-12-05 00:00:00','1056 E Trinity Ln, Nashville, TN 37216','https://www.facebook.com/Livingwatersbrewing','Leland Nelson and friends',false,'open_mic');
INSERT INTO events_event VALUES(64,'AM-PM Play-Doh Show',replace(replace('This is a FREE event! Just bring Play Doh for donations!\r\n\r\nw/ The Callous Daoboys, Great Minds, Shogun, Rules Of Engagement, Still Here','\r',E'\r'),'\n',E'\n'),'2024-12-16 00:00:00','Eastside Bowl','https://www.seetickets.us/event/the-58-play-doh-show/627629','Great Minds, Shogun, Still Here, Rules of Engagement',false,'none');
INSERT INTO events_event VALUES(65,'Delicious - Live Funk, Soul, and Disco',replace(replace('This event is 18 and over. Any ticket holder unable to present valid identification indicating that they are at least 18 years of age will not be admitted to this event, and will not be eligible for a refund.\r\n\r\nALL PATRONS MUST BRING A VALID FORM OF IDENTIFICATION.\r\nNO RE - ENTRY\r\nALL SALES FINAL','\r',E'\r'),'\n',E'\n'),'2024-12-15 23:30:00','The End','https://www.ticketweb.com/event/delicious-live-funk-exitin-tickets/14033883?fbclid=IwY2xjawG7SVpleHRuA2FlbQIxMAABHSNThnF4XZSMDV1cMr1grG63m13LJhGeaSZsYAo5t46ez-VlK-Fe3JZRrA_aem_IIHm0QLGsKo4sn-AuBam9A&i',NULL,false,'none');
INSERT INTO events_event VALUES(66,'Brittany Howard''s Nashville Hardcore Benefit Show',replace(replace('Tickets: https://bit.ly/48Oms7m\r\nDoors: 6:30PM\r\nShow: 7:30PM\r\nAge: 18+','\r',E'\r'),'\n',E'\n'),'2025-01-13 00:30:00','The Basement East','https://www.facebook.com/share/15JHSetQRV/','Second Spirit, KUMITE, Inner Peace & Snooper',false,'none');
INSERT INTO events_event VALUES(67,'The Ryman',replace(replace('Billy Strings\r\nat Ryman Auditorium in Nashville, TN\r\nMarch 2','\r',E'\r'),'\n',E'\n'),'2025-03-03 01:30:00','The Ryman Auditorium','https://www.ryman.com/event/billy-strings-030225?fbclid=IwY2xjawG7S2VleHRuA2FlbQIxMAABHQUoUAv9WCmqzfytrDzFo7krIS_C4eMAzq0iUMjwQwtyl9VMO_E8ecYpRQ_aem_-triufkXkkF-Q6P67XF3WQ','Billy Strings',false,'none');
INSERT INTO events_event VALUES(68,'Open Mic Featured Artist Night Wednesdays','Open mic night with house band and a feature artist. A night for artists and musicians to connect, network, and be apart of a Nashville family.','2024-12-11 23:00:00','New Heights Brewery',NULL,'Hosted By: Creative Pulse Nash',true,'open_mic');
INSERT INTO events_event VALUES(69,'Open Mic Featured Artist Night Wednesdays','Open mic night with house band and a feature artist. A night for artists and musicians to connect, network, and be apart of a Nashville family.','2024-12-18 23:00:00','New Heights Brewery',NULL,'Hosted By: Creative Pulse Nash',false,'open_mic');
INSERT INTO events_event VALUES(70,'Open Mic Featured Artist Night Wednesdays','Open mic night with house band and a feature artist. A night for artists and musicians to connect, network, and be apart of a Nashville family.','2024-12-25 23:00:00','New Heights Brewery',NULL,'Hosted By: Creative Pulse Nash',false,'open_mic');
INSERT INTO events_event VALUES(71,'Open Mic Featured Artist Night Wednesdays','Open mic night with house band and a feature artist. A night for artists and musicians to connect, network, and be apart of a Nashville family.','2025-01-01 23:00:00','New Heights Brewery',NULL,'Hosted By: Creative Pulse Nash',false,'open_mic');
INSERT INTO events_event VALUES(72,'Pure Bliss Tour',replace(replace('Canabliss - Pure Bliss Tour\r\nTBA Support\r\nSaturday, December 14\r\nPrivate Event | Edgehill Speakeasy - 1200 Villa Place, Nasvhille TN\r\nBYOB | Doors 11pm | 21+','\r',E'\r'),'\n',E'\n'),'2024-12-15 05:00:00','Edgehill Speakeasy','https://www.tixr.com/groups/fullcirclepresents/events/canabliss-115346?fbclid=IwY2xjawG7UlpleHRuA2FlbQIxMAABHV9JR3rDBQzcYYkXAMKRGPINgo2jpFcCqLYa9vjRzjf9HuN0ksIXhTJ-yQ_aem_DetnxbrzJinNSs3zsEULJg','Cannabliss',false,'none');
INSERT INTO events_event VALUES(73,'Tennessee Takeover 2024',replace(replace('WHITECHAPEL "TENNESSEE TAKEOVER 2024" with Sanguisugabogg, PeelingFlesh, and Gates to Hell.\r\nDoors: 6pm / Show: 7pm\r\n≡ƒÄƒΓåÆ https://bit.ly/4bHmeyL\r\nTHIS EVENT IS ALL AGES\r\nLUX LOFT 21+','\r',E'\r'),'\n',E'\n'),'2024-12-21 01:00:00','Marathon Music Works','https://www.facebook.com/share/15Amphi52x/','White Chapel',false,'none');
INSERT INTO events_event VALUES(74,'Chaos Will Bring Peace 2025 US Tour',replace(replace('Doors: 7:00PM \r\n\r\nShow: 8:00PM','\r',E'\r'),'\n',E'\n'),'2025-01-25 01:00:00','Cannery Hall','https://www.prekindle.com/event/99559-sullivan-king-nashville?locale=en-US&cid=edmtrain&axssid=13korj1freeuadr7h54aemk8rp&t_originalReferringURL=https%3A%2F%2Fedmtrain.com%2F','Sullivan King, YOOKiE, Grabbitz, RZRKT',false,'none');
INSERT INTO events_event VALUES(75,'New Year''s Eve Decompress','Happy Hour 9:30pm-11pm','2025-01-01 03:30:00','Studio615','https://www.tixr.com/groups/fullcirclepresents/events/new-year-s-eve-decompress-ft-shiba-san-123504','Shiba San',false,'none');
INSERT INTO events_event VALUES(76,'New Years Eve',replace(replace('RING IN THE NEW YEAR WITH US AND @TWINSICK\r\n\r\nDOORS AT 9PM. 21 AND OVER. NO REFUNDS.','\r',E'\r'),'\n',E'\n'),'2025-01-01 03:00:00','Barstool Nashville','https://tickets.lineleap.com/e/r3x9qRxhdimdjGUvvNON','Twinsick',false,'none');
INSERT INTO events_event VALUES(77,'NYE at Skydeck Nashville',replace(replace('Ring in 2025 at NashvilleΓÇÖs premier rooftop, Skydeck on Broadway!\r\n\r\nCelebrate New YearΓÇÖs Eve with an exclusive set by MC4D, plus multiple DJs keeping the beats going all night.','\r',E'\r'),'\n',E'\n'),'2025-01-01 01:00:00','Skydeck','https://posh.vip/e/nye-at-skydeck-nashville?t=edmtrain','MC4D',false,'none');
INSERT INTO events_event VALUES(78,'After Midnight: Chappell Roan Dance Party',replace(replace('A night of bubblegum pop disco for drama queens and kings returns!\r\n\r\nAlex Jay (NYC) plays music by Chappell Roan & More!\r\n\r\nFriday, January 10, 2025\r\n\r\nNight We Met: 114 12th Ave N., Nashville\r\n\r\nDoors: 8pm (Lounge Entry) // Party: 10-3am // 21+','\r',E'\r'),'\n',E'\n'),'2025-01-11 02:00:00','The Night We Met','https://dice.fm/event/k68vno-after-midnight-chappell-roan-dance-party-10th-jan-night-we-met-nashville-tickets?pid=d6342b83','Alex Jay',false,'none');
INSERT INTO events_event VALUES(79,'Decompress',replace(replace('Support: Will OB [NYC], Nola [Chi], HANZZ [Nash] \r\nHappy Hour 9:30-11:00\r\n50% Off Drink Specials','\r',E'\r'),'\n',E'\n'),'2024-12-29 03:00:00','The Night We Met','https://www.tixr.com/groups/fullcirclepresents/events/decompress-ft-ranger-trucco-120360','Ranger Trucco',false,'none');
INSERT INTO events_event VALUES(80,'Night We Met',replace(replace('Tech House\r\n\r\nVera Lounge open at 8pm\r\n\r\nClub Room open at 10pm','\r',E'\r'),'\n',E'\n'),'2024-12-28 02:00:00','The Night We Met','https://dice.fm/event/v38nv6-rafa-barrios-27th-dec-night-we-met-nashville-tickets?pid=d6342b83','Rafa Barrios',false,'none');
INSERT INTO events_event VALUES(81,'North America Tour',replace(replace('UKG\r\nHappy Hour 9:30-11:00\r\n50% Off Drink Specials','\r',E'\r'),'\n',E'\n'),'2024-12-21 03:30:00','Studio615','https://www.tixr.com/groups/fullcirclepresents/events/joel-corry-north-america-tour-2024-116802','Joel Corry',false,'none');
INSERT INTO events_event VALUES(82,'Night We Met',replace(replace('Techno\r\n\r\nVera Lounge open at 8pm\r\n\r\nClub Room open at 10pm','\r',E'\r'),'\n',E'\n'),'2024-12-15 02:00:00','The Night We Met','https://dice.fm/event/xewval--danny-avila-14th-dec-night-we-met-nashville-tickets?pid=d6342b83','Danny Avila, Zay, Taran Michael, Scrubz, Grayson Mercury',false,'none');
INSERT INTO events_event VALUES(83,'Decompress [deep]',replace(replace('House\r\n\r\nBYOB | Doors 10pm | 21+','\r',E'\r'),'\n',E'\n'),'2024-12-14 04:00:00','Edgehill Speakeasy','https://www.tixr.com/groups/fullcirclepresents/events/decompress-deep-ft-yulia-niko-122213','Yulia Naiko',false,'none');
INSERT INTO events_event VALUES(84,'Enemies Tour w/ Mustard Service','alt-pop psych-funk','2024-12-17 01:30:00','The Basement East','https://www.ticketweb.com/event/magic-city-hippies-the-basement-east-tickets/13626414?pl=basement','Magic City Hippies',false,'none');
INSERT INTO events_event VALUES(85,'Mythos',replace(replace('Latin Beats\r\n\r\nVera Lounge open at 8pm\r\n\r\nClub Room open at 10pm','\r',E'\r'),'\n',E'\n'),'2024-12-29 02:00:00','The Night We Met','https://dice.fm/event/bbemag-mythos-ft-wakyin-28th-dec-night-we-met-nashville-tickets?pid=d6342b83','Wakyin, Merchant, Kiko beach, Carlosbe, Knyghts',false,'none');
INSERT INTO events_event VALUES(86,'Night We Met','House','2025-01-26 02:00:00','The Night We Met','https://dice.fm/event/mxvlnw-qrion-25th-jan-night-we-met-nashville-tickets?pid=d6342b83','Qrion',false,'none');
INSERT INTO events_event VALUES(87,'Jazz Jam with Joe Folan','Late night jazz jam with guitarist Joe Folan','2024-12-03 05:00:00','The Villager Tavern',NULL,NULL,false,'open_mic');
INSERT INTO events_event VALUES(88,'Tuned For Destruction',replace(replace('A Showcase Of Regional Metal Bands\r\nDoors Open @ 7pm ΓÇó $15 Cover @ Door\r\nhttps://tixr.com/e/116821 here is the ticket link for Vinyl Lounge.','\r',E'\r'),'\n',E'\n'),'2024-12-07 02:00:00','The Vinyl Lounge','https://www.facebook.com/share/1Ebv2ActFS/','Modern Primate, Reptilian, Existing in Exile',false,'none');
INSERT INTO events_event VALUES(89,'Kar x Tay','Techno','2024-12-03 03:00:00','The Office','https://www.ticketfairy.com/event/kar-x-tay-w-prophet-cheech','KARUTH X Taylor Jordn, PROPHET aka Deadman x SVBLE, CHEECH',false,'none');
INSERT INTO events_event VALUES(90,'New Year''s Eve',replace(replace('Vera Lounge open at 8pm\r\n\r\nClub Room open at 10pm','\r',E'\r'),'\n',E'\n'),'2025-01-01 02:00:00','The Night We Met','https://dice.fm/event/mxoqdv-new-years-eve-ft-sofia-kourtesis-31st-dec-night-we-met-nashville-tickets?lng=en-US','Sofia Kourtesis',false,'none');
INSERT INTO events_event VALUES(91,'Dee''s Country Cocktail Lounge',replace(replace('Country\r\n9pm\r\n$5 Cover','\r',E'\r'),'\n',E'\n'),'2024-12-15 03:00:00','Dee''s Country Cocktail Lounge','https://tunehatch.com/shows/123740650','Will Orchard, Caylan Hayes, Tom Barrett x the Unnamed',false,'none');
INSERT INTO events_event VALUES(92,'Merry Birthmas',replace(replace('Country\r\n\r\n6-830pm $10 cover 21+','\r',E'\r'),'\n',E'\n'),'2024-12-15 00:00:00','Dee''s Country Cocktail Lounge','https://tunehatch.com/shows/123737192','Jeff Burke',false,'none');
INSERT INTO events_event VALUES(93,'Dee''s Christmas Party Hosted by Chris Mitchell',replace(replace('Country\r\n6-11pm $5 cover 21+','\r',E'\r'),'\n',E'\n'),'2024-12-14 00:00:00','Dee''s Country Cocktail Lounge','https://tunehatch.com/shows/123733641','Timbo, Sweet Megg, Charlie Treat',false,'none');
INSERT INTO events_event VALUES(94,'Cosmic Rodeo',replace(replace('Country\r\n830-11pm $5 ticket 21+','\r',E'\r'),'\n',E'\n'),'2024-12-13 02:30:00','Dee''s Country Cocktail Lounge','https://tunehatch.com/shows/122395451','Boowah, Maddie Lenhart',false,'none');
INSERT INTO events_event VALUES(95,'Women in Folk: Alicia Blue Residency',replace(replace('Folk\r\n6-8pm $5 cover 21+','\r',E'\r'),'\n',E'\n'),'2024-12-13 00:00:00','Dee''s Country Cocktail Lounge','https://tunehatch.com/shows/123730060','Alicia Blue',false,'none');
INSERT INTO events_event VALUES(96,'Imperial Blues Hour',replace(replace('Blues\r\n830-11pm $10 cover 21+','\r',E'\r'),'\n',E'\n'),'2024-12-12 02:30:00','Dee''s Country Cocktail Lounge','https://tunehatch.com/shows/123848179','Kenny Vaughn',false,'none');
INSERT INTO events_event VALUES(97,'Crazy Hearts',replace(replace('Country\r\n6-8pm $10 cover 21+','\r',E'\r'),'\n',E'\n'),'2024-12-12 00:00:00','Dee''s Country Cocktail Lounge','https://tunehatch.com/shows/123709203','Wesley Dean, Angela Autumn',false,'none');
INSERT INTO events_event VALUES(98,'Dee''s Country Cocktail Lounge',replace(replace('Country\r\n8-11pm $5 cover 21+','\r',E'\r'),'\n',E'\n'),'2024-12-11 02:00:00','Dee''s Country Cocktail Lounge','https://tunehatch.com/shows/123705706','Sarah Burton',false,'none');
INSERT INTO events_event VALUES(99,'Jane''s Crossover Night',replace(replace('Country\r\n830-11pm $10 cover 21+','\r',E'\r'),'\n',E'\n'),'2024-12-10 02:30:00','Dee''s Country Cocktail Lounge','https://tunehatch.com/shows/123702167','Greenwood Rye',false,'none');
INSERT INTO events_event VALUES(100,'Dee''s Country Cocktail Lounge',replace(replace('Country\r\n6-8pm $10 cover 21+','\r',E'\r'),'\n',E'\n'),'2024-12-10 00:00:00','Dee''s Country Cocktail Lounge','https://tunehatch.com/shows/123677604','Bronwyn Keith-Hynes',false,'none');
INSERT INTO events_event VALUES(101,'Dee''s Country Cocktail Lounge',replace(replace('Country/ Rock\r\n9-11pm $5 cover 21+','\r',E'\r'),'\n',E'\n'),'2024-12-09 03:00:00','Dee''s Country Cocktail Lounge','https://tunehatch.com/shows/123695184','Frank Rische Band',false,'none');
INSERT INTO events_event VALUES(102,'Dee''s Country Cocktail Lounge',replace(replace('Jazz\r\n6-8pm $5 cover 21+','\r',E'\r'),'\n',E'\n'),'2024-12-09 00:00:00','Dee''s Country Cocktail Lounge','https://tunehatch.com/shows/123698668','Cole Ritter Jazz Trio',false,'none');
INSERT INTO events_event VALUES(103,'Dee''s Country Cocktail Lounge',replace(replace('Country\r\n9-midnight $5 cover 21+','\r',E'\r'),'\n',E'\n'),'2024-12-08 03:00:00','Dee''s Country Cocktail Lounge','https://tunehatch.com/shows/123688259','Hannah Juanita, Nick Gusman and the Coyotes',false,'none');
INSERT INTO events_event VALUES(104,'Open Mic','7- 10:30','2024-12-04 01:00:00','Honeytree Meadery','https://www.facebook.com/HoneytreeMeadery','Chas and the Bandit, Tyler Hodgett',false,'open_mic');
INSERT INTO events_event VALUES(105,'Open Mic','7- 10:30','2024-12-11 01:00:00','Honeytree Meadery','https://www.facebook.com/HoneytreeMeadery','Chas and the Bandit, Tyler Hodgett',false,'open_mic');
INSERT INTO events_event VALUES(106,'Open Mic','7- 10:30','2024-12-18 01:00:00','Honeytree Meadery','https://www.facebook.com/HoneytreeMeadery','Chas and the Bandit, Tyler Hodgett',false,'open_mic');
INSERT INTO events_event VALUES(107,'Open Mic','7- 10:30','2024-12-25 01:00:00','Honeytree Meadery','https://www.facebook.com/HoneytreeMeadery','Chas and the Bandit, Tyler Hodgett',false,'open_mic');
INSERT INTO events_event VALUES(108,'Elm Hill Tavern Blues Jam','Blues Jam','2024-12-08 21:00:00','The Elm Hill Tavern','https://www.facebook.com/middlecityinc/','Shantelle & The Juke Joint Band',false,'open_mic');
INSERT INTO events_event VALUES(109,'Elm Hill Tavern Blues Jam','Blues Jam','2024-12-15 21:00:00','The Elm Hill Tavern','https://www.facebook.com/middlecityinc/','Shantelle & The Juke Joint Band',false,'open_mic');
INSERT INTO events_event VALUES(110,'Elm Hill Tavern Blues Jam','Blues Jam','2024-12-22 21:00:00','The Elm Hill Tavern','https://www.facebook.com/middlecityinc/','Shantelle & The Juke Joint Band',false,'open_mic');
INSERT INTO events_event VALUES(111,'Elm Hill Tavern Blues Jam','Blues Jam','2024-12-29 21:00:00','The Elm Hill Tavern','https://www.facebook.com/middlecityinc/','Shantelle & The Juke Joint Band',false,'open_mic');
INSERT INTO events_event VALUES(112,'The Cobra',replace(replace('$10 Cover\r\n21+ Show','\r',E'\r'),'\n',E'\n'),'2024-12-15 01:00:00','The Cobra','https://www.facebook.com/share/18RenBMgkD/','Josi J & Dessert, Ty Adams, Athxna',false,'none');
INSERT INTO events_event VALUES(113,'Dee''s Country Cocktail Lounge',replace(replace('Country\r\n6-8pm $5 cover 21+','\r',E'\r'),'\n',E'\n'),'2024-12-08 00:00:00','Dee''s Country Cocktail Lounge','https://tunehatch.com/shows/126145991','Cristina Vane',false,'none');
INSERT INTO events_event VALUES(114,'Dee''s Country Cocktail Lounge',replace(replace('Country\r\n9-midnight $10 cover 21+','\r',E'\r'),'\n',E'\n'),'2024-12-07 03:00:00','Dee''s Country Cocktail Lounge','https://tunehatch.com/shows/119369034','Kristina Murray, Tyler Lance Walker Gill',false,'none');
INSERT INTO events_event VALUES(115,'Dee''s Country Cocktail Lounge',replace(replace('Country\r\n$5 Cover','\r',E'\r'),'\n',E'\n'),'2024-12-07 00:00:00','Dee''s Country Cocktail Lounge','https://tunehatch.com/shows/124391327','The Shirt Tuckers',false,'none');
COMMIT;
CREATE UNIQUE INDEX "auth_group_permissions_group_id_permission_id_0cd325b0_uniq" ON "auth_group_permissions" ("group_id", "permission_id");
CREATE INDEX "auth_group_permissions_group_id_b120cbf9" ON "auth_group_permissions" ("group_id");
CREATE INDEX "auth_group_permissions_permission_id_84c5c92e" ON "auth_group_permissions" ("permission_id");
CREATE UNIQUE INDEX "auth_user_groups_user_id_group_id_94350c0c_uniq" ON "auth_user_groups" ("user_id", "group_id");
CREATE INDEX "auth_user_groups_user_id_6a12ed8b" ON "auth_user_groups" ("user_id");
CREATE INDEX "auth_user_groups_group_id_97559544" ON "auth_user_groups" ("group_id");
CREATE UNIQUE INDEX "auth_user_user_permissions_user_id_permission_id_14a6b632_uniq" ON "auth_user_user_permissions" ("user_id", "permission_id");
CREATE INDEX "auth_user_user_permissions_user_id_a95ead1b" ON "auth_user_user_permissions" ("user_id");
CREATE INDEX "auth_user_user_permissions_permission_id_1fbb5f2c" ON "auth_user_user_permissions" ("permission_id");
CREATE INDEX "django_admin_log_content_type_id_c4bce8eb" ON "django_admin_log" ("content_type_id");
CREATE INDEX "django_admin_log_user_id_c564eba6" ON "django_admin_log" ("user_id");
CREATE UNIQUE INDEX "django_content_type_app_label_model_76bd3d3b_uniq" ON "django_content_type" ("app_label", "model");
CREATE UNIQUE INDEX "auth_permission_content_type_id_codename_01ab375a_uniq" ON "auth_permission" ("content_type_id", "codename");
CREATE INDEX "auth_permission_content_type_id_2f476e4b" ON "auth_permission" ("content_type_id");
CREATE INDEX "django_session_expire_date_a5c62663" ON "django_session" ("expire_date");
